,instant,season,yr,mnth,holiday,weekday,workingday,weathersit,temp,atemp,hum,windspeed,casual,registered,cnt
count,731.0,731.0,731.0,731.0,731.0,731.0,731.0,731.0,731.0,731.0,731.0,731.0,731.0,731.0,731.0
mean,366.0,2.496580027359781,0.5006839945280438,6.519835841313269,0.028727770177838577,2.997264021887825,0.6839945280437757,1.3953488372093024,0.495384788508892,0.47435398864569084,0.6278940629274967,0.190486211627907,848.1764705882352,3656.172366621067,4504.3488372093025
std,211.16581162678773,1.1108070927726255,0.5003418803818264,3.4519127872562527,0.16715474262247382,2.0047869179444824,0.4652333866777036,0.5448943419593665,0.18305099611148878,0.1629611783863113,0.14242909513835394,0.07749787068166941,686.622488284655,1560.2563770194536,1937.2114516187676
min,1.0,1.0,0.0,1.0,0.0,0.0,0.0,1.0,0.0591304,0.0790696,0.0,0.0223917,2.0,20.0,22.0
25%,183.5,2.0,0.0,4.0,0.0,1.0,0.0,1.0,0.3370835,0.3378425,0.52,0.13495,315.5,2497.0,3152.0
50%,366.0,3.0,1.0,7.0,0.0,3.0,1.0,1.0,0.498333,0.486733,0.626667,0.180975,713.0,3662.0,4548.0
75%,548.5,3.0,1.0,10.0,0.0,5.0,1.0,2.0,0.6554165000000001,0.6086020000000001,0.7302085,0.2332145,1096.0,4776.5,5956.0
max,731.0,4.0,1.0,12.0,1.0,6.0,1.0,3.0,0.861667,0.840896,0.9725,0.507463,3410.0,6946.0,8714.0
