,instant,season,yr,mnth,hr,holiday,weekday,workingday,weathersit,temp,atemp,hum,windspeed,casual,registered,cnt
count,17379.0,17379.0,17379.0,17379.0,17379.0,17379.0,17379.0,17379.0,17379.0,17379.0,17379.0,17379.0,17379.0,17379.0,17379.0,17379.0
mean,8690.0,2.5016399102364923,0.5025605615973301,6.537775476149376,11.546751826917545,0.028770355026181024,3.003682605443351,0.6827205247712756,1.425283387997008,0.4969871684216583,0.4757751021347604,0.6272288394038783,0.1900976063064618,35.67621842453536,153.78686920996606,189.46308763450142
std,5017.029499614288,1.1069181394480763,0.5000078290910197,3.4387757137501653,6.9144050952644935,0.16716527638437123,2.005771456110988,0.46543063352388286,0.6393568777542534,0.1925561212497219,0.17185021563535943,0.19292983406291508,0.12234022857279049,49.30503038705308,151.35728591258314,181.38759909186473
min,1.0,1.0,0.0,1.0,0.0,0.0,0.0,0.0,1.0,0.02,0.0,0.0,0.0,0.0,0.0,1.0
25%,4345.5,2.0,0.0,4.0,6.0,0.0,1.0,0.0,1.0,0.34,0.3333,0.48,0.1045,4.0,34.0,40.0
50%,8690.0,3.0,1.0,7.0,12.0,0.0,3.0,1.0,1.0,0.5,0.4848,0.63,0.194,17.0,115.0,142.0
75%,13034.5,3.0,1.0,10.0,18.0,0.0,5.0,1.0,2.0,0.66,0.6212,0.78,0.2537,48.0,220.0,281.0
max,17379.0,4.0,1.0,12.0,23.0,1.0,6.0,1.0,4.0,1.0,1.0,1.0,0.8507,367.0,886.0,977.0
